M20,M21,M22,M40,M41,M42,M43,M60,M61,M62,M63,M80,M84,C20,C21,C40,C41,C42,C60,C61,C62,C63,C80,C84,R1,R2,R3,R4,R5,R8,R9,AmplitudeMean,AmplitudeStd,AmplitudeKurtosis,PhaseMean,PhaseStd,FrequencyMean,FrequencyStd,SigmaAA,SigmaAP,SigmaAF,PSDMean,PSDMax,PSDStd,GammaMean,GammaMax,SpectralVariance,IZCR,QZCR,FrequencyZCR,WaveletASKCorrelation,WaveletFSKCorrelation,SpectralSymmetry,BlindSNR,SpectralEntropy,SpectralFlatness,SpectralRollOff,SpectralBandwidth,MphiNL,SigmaDP,SigmaZ2,M2M4SNR
2.5659132e-05,6.854045e-05,2.5659132e-05,3.157343e-09,2.9305864e-09,6.4608203e-09,2.9305864e-09,3.5002754e-13,4.6331233e-13,4.3277366e-13,7.6508255e-13,5.178019e-17,1.1308906e-16,2.5659132e-05,6.854045e-05,1.4098286e-09,2.3831332e-09,3.5931582e-09,4.0681277e-13,8.461248e-13,8.353892e-13,6.435013e-13,5.178019e-17,1.1308906e-16,0.39225557,0.6630573,0.764698,0.30772784,0.4867676,1.101989e-08,2.406768e-08,0.0078124995,0.0027395806,3.6295404,2.3936758,3.7974737,0.023481881,0.7727058,1.0,1.0,1.0,2.2640603,27.811031,4.3692408,2.2640603,27.811031,19.090263,0.13385826,0.11811024,0.53174603,0.0,0.47081110895509876,0.03113544,2.2131459712982178,5.262418,0.6273766,43,18.381460374445755,1.0,3.7974737,0.005158603,1.1053419
