Mean,Std,Variance,Maximum,Minimum,Median,RMS,PeakToPeak,Energy,MeanAbsolute,AbsolutePeak,CrestFactor,ShapeFactor,ImpulseFactor
0.0078124995,0.0027395806,7.505302e-06,0.016469846,0.00040934916,0.008003613,0.008278916,0.016060496,0.008773178,0.0078124995,0.016469846,1.9893723,1.0597013,2.1081405
