{
    "Recommended Threshold": 0.5,
    "Accepted Accuracy": 0.9919955530850473,
    "Accepted Samples": 8995,
    "Rejected Samples": 5,
    "Rejection Rate": 0.0005555555555555556
}