{
    "Accuracy": 0.9915555555555555,
    "Precision": 0.9917091351388618,
    "Recall": 0.9915555555555555,
    "F1 Score": 0.9915733148118986,
    "Prediction Time": 35.94913697242737,
    "Inference Time": 0.00399434855249193
}