SNR,Accuracy
0,0.9758897818599311
2,0.9931506849315068
4,0.9954545454545455
6,0.9953917050691244
8,0.9920814479638009
10,0.9954493742889647
12,0.9937759336099585
14,0.9883966244725738
16,0.9922222222222222
18,0.9935483870967742
