Class,MeanConfidence,StdConfidence,Minimum,Maximum
GFSK,0.99975723,0.00634636,0.7993454,0.99999976
CPFSK,0.9995693,0.007601551,0.7960492,0.9999999
AM-DSB,0.99950427,0.011837699,0.62576115,0.9999788
BPSK,0.99887323,0.009980531,0.75073695,0.99999905
PAM4,0.99691164,0.033243526,0.3841127,1.0
QAM64,0.9954963,0.03597302,0.39040196,1.0
QPSK,0.9923429,0.044952564,0.49159795,0.9999987
8PSK,0.9886061,0.05642023,0.3249826,1.0
AM-SSB,0.9671497,0.015062965,0.7835208,0.9917888
