Metric,Random Forest,SVM,CNN
Accuracy,0.9601666666666666,0.9561111111111111,0.9915555555555555
Precision,0.9602540517817445,0.9561344074305267,0.9917091351388618
Recall,0.9601666666666666,0.9561111111111111,0.9915555555555555
F1 Score,0.9601381058220961,0.9560289693777777,0.9915733148118986
Training Time,84.99372386932373,543.279892206192,
Prediction Time,0.8207108974456787,43.65683054924011,35.94913697242737
