Modulation,Accuracy
AM-SSB,0.9994444444444445
BPSK,0.9855555555555555
CPFSK,0.9905555555555555
GFSK,0.9911111111111112
PAM4,0.975
QAM64,0.98
QPSK,0.9805555555555555
