OriginalSNR,Accuracy
0,0.966
2,0.959
4,0.961
6,0.9586666666666667
8,0.96
10,0.966
12,0.9576666666666667
14,0.961
16,0.962
