OriginalSNR,Accuracy
-1.5657105282186785,0.8608745031232254
-1.21743517932363,0.9442912300055157
-0.8691598304285816,0.9624101713653952
-0.5208844815335332,0.9706696181516326
-0.1726091326384847,0.9704570791527313
0.1756662162565637,0.9745958429561201
0.5239415651516122,0.9763058696822833
0.8722169140466606,0.9669097027481772
1.220492262941709,0.9631490787269682
1.5687676118367575,0.9692390717754992
