Model,Accepted Accuracy,Rejection Rate,Accepted Samples
Random Forest,0.9708826205641492,0.02311111111111111,17584.0
SVM,0.9612042383808936,0.009055555555555556,17837.0
CNN,0.9919955530850473,0.0005555555555555556,8995.0
